name,composition,manufacturer
Dolo 650,Paracetamol 650mg,Micro Labs Limited
Crocin Advance,Paracetamol 500mg,GlaxoSmithKline Consumer Healthcare
Crocin 650,Paracetamol 650mg,GlaxoSmithKline Consumer Healthcare
Combiflam,Ibuprofen 400mg + Paracetamol 325mg,Sanofi India Limited
Tretiva 20,Isotretinoin 20mg,Intas Pharmaceuticals Ltd / Sun Pharmaceutical Industries Ltd
Tretiva 10,Isotretinoin 10mg,Intas Pharmaceuticals Ltd / Sun Pharmaceutical Industries Ltd
Isotroin 20,Isotretinoin 20mg,Cipla Ltd
Azithral 500,Azithromycin 500mg,Alembic Pharmaceuticals Ltd
Azithral 250,Azithromycin 250mg,Alembic Pharmaceuticals Ltd
Azee 500,Azithromycin 500mg,Cipla Ltd
Augmentin 625 Duo,Amoxicillin 500mg + Clavulanic Acid 125mg,GlaxoSmithKline Pharmaceuticals Ltd
Augmentin 1000,Amoxicillin 875mg + Clavulanic Acid 125mg,GlaxoSmithKline Pharmaceuticals Ltd
Clavam 625,Amoxicillin 500mg + Clavulanic Acid 125mg,Alkem Laboratories Ltd
Mox 500,Amoxicillin 500mg,Sun Pharmaceutical Industries Ltd
Pan 40,Pantoprazole 40mg,Alkem Laboratories Ltd
Pan D,Pantoprazole 40mg + Domperidone 30mg,Alkem Laboratories Ltd
Pantocid 40,Pantoprazole 40mg,Sun Pharmaceutical Industries Ltd
Omez 20,Omeprazole 20mg,Dr. Reddy's Laboratories Ltd
Omez D,Omeprazole 20mg + Domperidone 10mg,Dr. Reddy's Laboratories Ltd
Shelcal 500,Calcium 500mg + Vitamin D3 250IU,Torrent Pharmaceuticals Ltd
Allegra 120,Fexofenadine 120mg,Sanofi India Limited
Allegra 180,Fexofenadine 180mg,Sanofi India Limited
Cetirizine 10,Cetirizine Hydrochloride 10mg,Cipla Ltd
Montair LC,Montelukast 10mg + Levocetirizine 5mg,Cipla Ltd
Telma 40,Telmisartan 40mg,Glenmark Pharmaceuticals Ltd
Telma H,Telmisartan 40mg + Hydrochlorothiazide 12.5mg,Glenmark Pharmaceuticals Ltd
Glycomet 500,Metformin 500mg,USV Private Limited
Glycomet GP 1,Glimepiride 1mg + Metformin 500mg,USV Private Limited
Atorva 10,Atorvastatin 10mg,Zydus Lifesciences
Atorva 20,Atorvastatin 20mg,Zydus Lifesciences
Limcee 500,Ascorbic Acid (Vitamin C) 500mg,Abbott India Ltd
Becosules,Vitamin B-Complex with Vitamin C,Pfizer India Ltd
Voveran SR 100,Diclofenac Sodium 100mg,Novartis India Ltd
Calpol 500,Paracetamol 500mg,GlaxoSmithKline Pharmaceuticals Ltd
Calpol 650,Paracetamol 650mg,GlaxoSmithKline Pharmaceuticals Ltd
Meftal Spas,Mefenamic Acid 250mg + Dicyclomine Hydrochloride 10mg,Blue Cross Laboratories
Monocef 1g,Ceftriaxone 1000mg,Aristo Pharmaceuticals
Taxim-O 200,Cefixime 200mg,Alkem Laboratories Ltd
Cifran 500,Ciprofloxacin 500mg,Sun Pharmaceutical Industries Ltd
Zifi 200,Cefixime 200mg,FDC Limited
Rantac 150,Ranitidine 150mg,JB Chemicals and Pharmaceuticals
Eldoper 2,Loperamide 2mg,Micro Labs Limited
Ascoril D Plus,Dextromethorphan + Phenylephrine + Chlorpheniramine,Glenmark Pharmaceuticals Ltd
Benadryl,Diphenhydramine + Ammonium Chloride + Sodium Citrate,Johnson & Johnson
Digene,Magnesium Hydroxide + Aluminium Hydroxide + Simethicone,Abbott India Ltd
Gelusil,Aluminium Hydroxide + Dimethicone + Magnesium Hydroxide,Pfizer India Ltd
Volini Gel,Diclofenac Diethylamine + Virgin Linseed Oil + Methyl Salicylate,Sun Pharmaceutical Industries Ltd
Moov Ointment,Oil of Wintergreen + Pudinah Ka Phool + Tarpin Ka Tel,Reckitt Benckiser
Ecosprin 75,Aspirin 75mg,USV Private Limited
Ecosprin 150,Aspirin 150mg,USV Private Limited
Crestor 10,Rosuvastatin 10mg,AstraZeneca India
Rozavel 10,Rosuvastatin 10mg,Sun Pharmaceutical Industries Ltd
Januvia 100,Sitagliptin 100mg,MSD Pharmaceuticals
Galvus 50,Vildagliptin 50mg,Novartis India Ltd
Amlovas 5,Amlodipine 5mg,Mankind Pharma Ltd
Ciplox 500,Ciprofloxacin 500mg,Cipla Ltd
Norflox 400,Norfloxacin 400mg,Cipla Ltd
Oflox 200,Ofloxacin 200mg,Cipla Ltd
Zenflox 200,Ofloxacin 200mg,Mankind Pharma Ltd
Liv 52,Herbal extracts for hepatoprotection,Himalaya Wellness Company
Shelcal HD,Calcium 500mg + Vitamin D3 500IU,Torrent Pharmaceuticals Ltd
Neurobion Forte,Vitamin B-Complex with Vitamin B12,Procter & Gamble Health Ltd
Supradyn Daily,Multivitamin with Minerals and Trace Elements,Bayer Pharmaceuticals
Evion 400,Tocopheryl Acetate (Vitamin E) 400mg,Procter & Gamble Health Ltd
Chymoral Forte,Trypsin-Chymotrypsin 100000 AU,Torrent Pharmaceuticals Ltd
Kenacort 40,Triamcinolone Acetonide 40mg,Abbott India Ltd
Betnovate-N,Betamethasone Valerate + Neomycin Sulphate,GlaxoSmithKline Pharmaceuticals Ltd
Fourderm,Clobetasol + Neomycin + Miconazole + Chlorocresol,Cipla Ltd
Candid B,Clotrimazole + Beclomethasone Dipropionate,Glenmark Pharmaceuticals Ltd
Betadine 10%,Povidone Iodine 10% w/v,Win-Medicare Pvt Ltd
Cipcal 500,Calcium 500mg + Vitamin D3 250IU,Cipla Ltd
Thyronorm 50,Thyroxine Sodium 50mcg,Abbott India Ltd
Eltroxin 50,Thyroxine Sodium 50mcg,GlaxoSmithKline Pharmaceuticals Ltd
Nexpro 40,Esomeprazole 40mg,Torrent Pharmaceuticals Ltd
Sompraz 40,Esomeprazole 40mg,Sun Pharmaceutical Industries Ltd
Aciloc 150,Ranitidine 150mg,Cadila Pharmaceuticals
Cyclopam,Dicyclomine 20mg + Paracetamol 500mg,Indoco Remedies Ltd
Combimist-L,Levosalbutamol + Ipratropium Bromide,Cipla Ltd
Asthalin 100,Salbutamol 100mcg,Cipla Ltd
Budecort 200,Budesonide 200mcg,Cipla Ltd
Foracort 200,Formoterol Fumarate + Budesonide,Cipla Ltd
Skinlite,Hydroquinone + Tretinoin + Mometasone Furoate,Zydus Lifesciences
Omnigel,Diclofenac Diethylamine + Virgin Linseed Oil,Cipla Ltd
Sporidex 500,Cephalexin 500mg,Sun Pharmaceutical Industries Ltd
Kefpod 200,Cefpodoxime Proxetil 200mg,Glenmark Pharmaceuticals Ltd
Doxinate,Doxylamine Succinate + Pyridoxine,Maneesh Pharmaceuticals
Pregabalin 75,Pregabalin 75mg,Torrent Pharmaceuticals Ltd
Gabapin 100,Gabapentin 100mg,Intas Pharmaceuticals
Stemetil,Prochlorperazine Maleate 5mg,Abbott India Ltd
Vomitabs,Ondansetron 4mg,Sun Pharmaceutical Industries Ltd
Emeset 4,Ondansetron 4mg,Cipla Ltd
Perinorm 10,Metoclopramide 10mg,IPCA Laboratories Ltd
Dulcoflex 5,Bisacodyl 5mg,Sanofi India Limited
Cremaffin,Liquid Paraffin + Milk of Magnesia,Abbott India Ltd
Isabgol,Psyllium Husk Powder,Dabur India Ltd
Pudin Hara,Mentha Oil Extract,Dabur India Ltd
Septilin,Ayurvedic immunomodulatory formulation,Himalaya Wellness Company
Cystone,Herbal formulation for renal calculi,Himalaya Wellness Company
Livogen,Ferrous Fumarate + Folic Acid,Procter & Gamble Health Ltd
Autrin,Ferrous Fumarate + Vitamin B12 + Folic Acid,Pfizer India Ltd
Orofer XT,Ferrous Ascorbate + Folic Acid,Emcure Pharmaceuticals
Folvite 5,Folic Acid 5mg,Pfizer India Ltd
Zincovit,Multivitamin + Multimineral with Grape Seed Extract,Apex Laboratories
A to Z NS,Multivitamins with Minerals and Antioxidants,Alkem Laboratories Ltd
Becadexamin,Multivitamin and Multimineral Capsules,GlaxoSmithKline Pharmaceuticals Ltd
Electral,Oral Rehydration Salts (ORS) WHO Formula,FDC Limited
Prohance,Nutritional Protein Supplement Powder,Sun Pharmaceutical Industries Ltd
Ensure,Complete Balanced Nutrition Supplement,Abbott India Ltd
Revital H,Ginseng with Multivitamins and Minerals,Sun Pharmaceutical Industries Ltd
